<?xml version="1.0" encoding="utf-8" standalone="no" ?>
<l10n>
	<texts>
		<text name="input_FS19_H_VereinfachteSteuerung_AJ_hinten_vorne_HochRunter" 										text="H_VB: Gerete vorne hinten Hoch/Runter"/>
		<text name="input_FS19_H_VereinfachteSteuerung_AJ_hinten_vorne_AnAus" 											text="H_VB: Gerete vorne hinten An/Aus"/>
		<text name="input_FS19_H_VereinfachteSteuerung_AJ_hinten_vorne_AufZU" 											text="H_VB: Gerete vorne hinten Auf/Zu Klapen"/>
		<text name="input_FS19_H_VereinfachteSteuerung_AJ_vorne_abkoppeln" 												text="H_VB: Gerete vorne abkoppeln"/>
		<text name="input_FS19_H_VereinfachteSteuerung_AJ_hinten_abkoppeln" 											text="H_VB: Gerete hinten abkoppeln"/>
		
		<text name="input_FS19_H_VereinfachteSteuerung_AJ_vorne_HochRunter" 											text="H_VB: Gerete vorne Hoch/Runter"/>
		<text name="input_FS19_H_VereinfachteSteuerung_AJ_hinten_HochRunter" 											text="H_VB: Gerete hinten Hoch/Runter"/>
		<text name="input_FS19_H_VereinfachteSteuerung_AJ_vorne_AufZU" 													text="H_VB: Gerete vorne Auf/Zu Klapen"/>
		<text name="input_FS19_H_VereinfachteSteuerung_AJ_hinten_AufZU" 												text="H_VB: Gerete hinten Auf/Zu Klapen"/>
		<text name="input_FS19_H_VereinfachteSteuerung_AJ_vorne_AnAus" 													text="H_VB: Gerete vorne An/Aus"/>
		<text name="input_FS19_H_VereinfachteSteuerung_AJ_hinten_AnAus" 												text="H_VB: Gerete hinten An/Aus"/>
		
		<text name="input_FS19_H_VereinfachteSteuerung_CA_kamera" 														text="H_VB: Kamera"/>
	</texts>
</l10n>
